"Question Text","Option A","Option B","Option C","Option D","Correct Option"
"అపోస్తలుల కార్యములు గ్రంథం ఎవరికి వ్రాయబడింది?","తిమోతికి","థియోఫిలుకు","తీతుకు","బర్నబాకు","థియోఫిలుకు"
"యేసు తన పునరుత్థానానంతరం ఎన్ని రోజులు శిష్యులకు కనిపించాడు?","30 రోజులు","50 రోజులు","40 రోజులు","10 రోజులు","40 రోజులు"
"యేసు శిష్యులకు దేని కోసం ఎదురుచూడమని చెప్పాడు?","కొత్త రాజ్యం కోసం","పరిశుద్ధాత్మ కోసం","కొత్త దేవాలయం కోసం","కొత్త నాయకుడు కోసం","పరిశుద్ధాత్మ కోసం"
"యోహాను దేనితో బాప్తిస్మమిచ్చాడు?","అగ్నితో","పరిశుద్ధాత్మతో","నీటితో","నూనెతో","నీటితో"
"పరిశుద్ధాత్మ వచ్చిన తరువాత శిష్యులు ఏమి పొందుతారు?","ధనం","అధికారము","శక్తి","జ్ఞానం","శక్తి"
"యేసు సాక్షులుగా ఎక్కడివరకు ఉండాలని చెప్పాడు?","యూదయ వరకు","సమరయ వరకు","రోమా వరకు","భూదిగంతముల వరకు","భూదిగంతముల వరకు"
"యేసు పరలోకానికి ఎత్తబడినప్పుడు ఆయనను ఏమి కప్పివేసింది?","పొగ","మేఘము","వెలుగు","అగ్ని","మేఘము"
"యేసు పరలోకానికి వెళ్లినప్పుడు శిష్యుల దగ్గర ఎవరు కనిపించారు?","ఇద్దరు ప్రవక్తలు","ఇద్దరు యాజకులు","ఇద్దరు తెల్ల వస్త్రధారులు","ఇద్దరు సైనికులు","ఇద్దరు తెల్ల వస్త్రధారులు"
"శిష్యులు ఏ పట్టణానికి తిరిగి వచ్చారు?","బేతనియా","నజరేతు","యెరికో","యెరూషలేము","యెరూషలేము"
"శిష్యులు ఎక్కడ కూడి ఉన్నారు?","దేవాలయంలో","పైగదిలో","ఇంటి ప్రాంగణంలో","కొండమీద","పైగదిలో"
"శిష్యులతో కలిసి ప్రార్థనలో ఉన్న యేసు తల్లి ఎవరు?","మార్థా","మరియ","మరియ మగ్దలీనే","ఎలిజబెత్","మరియ"
"ఆ సమయంలో కూడిన వారి సంఖ్య సుమారు ఎంత?","70 మంది","100 మంది","120 మంది","150 మంది","120 మంది"
"యూదా స్థానాన్ని గురించి ఎవరు మాట్లాడారు?","యోహాను","యాకోబు","పేతురు","మత్తీయ","పేతురు"
"యూదా కొనిన పొలానికి ఏ పేరు పెట్టబడింది?","గోల్గొతా","అకెల్దామా","బేత్సయిదా","కపెర్నహూము","అకెల్దామా"
"యూదా స్థానానికి ఎంపికైన ఇద్దరిలో ఒకరు ఎవరు?","మార్కు","లూకా","యోసేపు బర్సబ్బా","తీతు","యోసేపు బర్సబ్బా"
"యూదా స్థానంలో చివరకు ఎవరిని ఎన్నుకున్నారు?","బర్సబ్బా","మత్తీయ","మార్కు","తిమోతి","మత్తీయ"
"అపొస్తలులు ఎంపికకు ముందు ఏమి చేశారు?","ఉపవాసం మాత్రమే చేశారు","చర్చ మాత్రమే చేశారు","ప్రార్థించారు","ప్రయాణం చేశారు","ప్రార్థించారు"
"మత్తీయ ఎవరితో లెక్కించబడ్డాడు?","డెబ్బది మంది శిష్యులతో","పన్నెండు గోత్రాలతో","పదకొండు మంది అపొస్తలులతో","యెరూషలేము సంఘంతో","పదకొండు మంది అపొస్తలులతో"
"""మీరు పరిశుద్ధాత్మతో బాప్తిస్మము పొందుదురు"" అని ఎవరు చెప్పారు?","పేతురు","యోహాను","యేసు","దేవదూత","యేసు"
"అపోస్తలుల కార్యములు 1వ అధ్యాయంలోని ముఖ్య సంఘటన ఏది?","పెంతెకొస్తు దినము","పౌలు మారుమనస్సు","యేసు పరలోకారోహణము","పేతురు చెరనుండి విడుదల","యేసు పరలోకారోహణము"
"పెంతెకొస్తు పండుగ దినమున శిష్యులందరూ ఎక్కడ ఉన్నారు?","దేవాలయంలో","సముద్ర తీరంలో","ఒకచోట కూడి ఉన్నారు","కొండ మీద","ఒకచోట కూడి ఉన్నారు"
"పరలోకమునుండి వచ్చిన శబ్దము దేనివలె ఉండెను?","ఉరుము","గొప్ప గాలి వీచినట్టు","వర్షం","సముద్ర అలలు","గొప్ప గాలి వీచినట్టు"
"శిష్యుల మీద ఏమి కనిపించాయి?","నక్షత్రాలు","మేఘాలు","అగ్ని నాలుకలు","పావురాలు","అగ్ని నాలుకలు"
"శిష్యులందరూ దేనితో నింపబడ్డారు?","జ్ఞానంతో","ఆనందంతో","పరిశుద్ధాత్మతో","ధైర్యంతో","పరిశుద్ధాత్మతో"
"పరిశుద్ధాత్మ ఇచ్చినట్లుగా వారు ఏమి మాట్లాడసాగారు?","హెబ్రీ భాష","గ్రీకు భాష","ఇతర భాషలు","అరామిక్ భాష","ఇతర భాషలు"
"""వీరు త్రాగి మత్తులో ఉన్నారు"" అని కొందరు ఏ సమయములో అన్నారు?","మొదటి గంట","మూడవ గంట","ఆరవ గంట","తొమ్మిదవ గంట","మూడవ గంట"
"అప్పుడు లేచి ప్రసంగించిన అపొస్తలుడు ఎవరు?","యోహాను","యాకోబు","పేతురు","మత్తీయ","పేతురు"
"పేతురు ఏ ప్రవక్త మాటలను ఉటంకించాడు?","యెషయా","యిర్మీయా","యోవేలు","హోషేయ","యోవేలు"
"""చివరి దినములలో నా ఆత్మను కుమ్మరించెదను"" అని ఎవరు చెప్పారు?","మోషే","దావీదు","యోవేలు ప్రవక్త ద్వారా దేవుడు","పేతురు","యోవేలు ప్రవక్త ద్వారా దేవుడు"
"యేసును దేవుడు దేనినుండి లేపాడు?","చెరనుండి","మరణమునుండి","కొండమీదనుండి","సముద్రమునుండి","మరణమునుండి"
"""మీరు సిలువ వేసిన ఈ యేసునే దేవుడు ప్రభువుగాను క్రీస్తుగాను చేసెను"" అని ఎవరు చెప్పారు?","యోహాను","పేతురు","మత్తీయ","థోమా","పేతురు"
"పేతురు ప్రసంగం విని ప్రజలు ఏమని అడిగారు?","మేము ఎక్కడికి వెళ్లాలి?","మేము ఏమి తినాలి?","సహోదరులారా, మేమేమి చేయవలెను?","మేము ఎవరిని అనుసరించాలి?","సహోదరులారా, మేమేమి చేయవలెను?"
"పేతురు వారికి మొదట ఏమి చేయమని చెప్పాడు?","ఉపవాసం చేయండి","పశ్చాత్తాపపడండి","దానం చేయండి","ప్రార్థించండి","పశ్చాత్తాపపడండి"
"వారు ఎవరి నామమున బాప్తిస్మము పొందాలి?","అబ్రాహాము","మోషే","యోహాను","యేసు క్రీస్తు","యేసు క్రీస్తు"
"ఆ దినమున సుమారు ఎంతమంది చేరారు?","1000 మంది","2000 మంది","3000 మంది","5000 మంది","3000 మంది"
"విశ్వాసులు అపొస్తలుల దేనిలో నిలిచియుండిరి?","ప్రయాణాలలో","బోధలో","వ్యాపారంలో","రాజకీయాలలో","బోధలో"
"వారు రొట్టె విరుచుటలోను, ప్రార్థనలలోను కొనసాగారు. ఇది ఏ విషయాన్ని చూపిస్తుంది?","ఐక్యత","సంపద","బలం","విద్య","ఐక్యత"
"విశ్వాసులు తమ ఆస్తులను ఏమి చేశారు?","దాచుకున్నారు","అమ్మి అవసరమైన వారికి పంచారు","దేవాలయానికి ఇచ్చారు","విదేశాలకు పంపారు","అమ్మి అవసరమైన వారికి పంచారు"
"వారు ప్రతిదినము ఎక్కడ కూడుకొనేవారు?","మార్కెట్‌లో","సముద్రతీరంలో","దేవాలయంలో","కొండపై","దేవాలయంలో"
"ప్రభువు ప్రతిదినము ఎవరిని సంఘములో చేర్చుచుండెను?","ధనవంతులను","యాజకులను","రక్షింపబడువారిని","విదేశీయులను","రక్షింపబడువారిని"
"పేతురు మరియు యోహాను ఏ ప్రార్థన వేళ దేవాలయానికి వెళ్లారు?","మూడవ గంట","ఆరవ గంట","తొమ్మిదవ గంట","పన్నెండవ గంట","తొమ్మిదవ గంట"
"పుట్టుకతోనే కుంటివాడైన మనిషిని ఏ ద్వారం దగ్గర ఉంచేవారు?","తూర్పు ద్వారం","సుందరమైన ద్వారం","ఉత్తర ద్వారం","గొర్రెల ద్వారం","సుందరమైన ద్వారం"
"కుంటివాడు పేతురు, యోహానుల దగ్గర ఏమి అడిగాడు?","ఆహారం","నీరు","భిక్ష","వస్త్రం","భిక్ష"
"పేతురు కుంటివానితో ఏమన్నాడు?","రేపు రా","""నా దగ్గర వెండి బంగారం లేవు""","ఇంటికి వెళ్లు","దేవాలయంలో ప్రార్థించు","""నా దగ్గర వెండి బంగారం లేవు"""
"పేతురు ఎవరి నామములో లేచి నడువుమని చెప్పాడు?","మోషే","దావీదు","అబ్రాహాము","యేసు క్రీస్తు","యేసు క్రీస్తు"
"పేతురు కుంటివానిని ఏ చేతితో పట్టుకున్నాడు?","ఎడమ చేయి","కుడి చేయి","రెండు చేతులు","భుజం","కుడి చేయి"
"వెంటనే కుంటివాని ఏ భాగాలు బలపడ్డాయి?","చేతులు","కళ్ళు","పాదాలు, చీలమండలు","చెవులు","పాదాలు, చీలమండలు"
"స్వస్థత పొందిన మనిషి ఏమి చేస్తూ దేవాలయంలోకి వెళ్లాడు?","ఏడుస్తూ","నడుస్తూ, గంతులు వేస్తూ, దేవుని స్తుతిస్తూ","పరుగెత్తుతూ","మౌనంగా","నడుస్తూ, గంతులు వేస్తూ, దేవుని స్తుతిస్తూ"
"ప్రజలు స్వస్థత పొందిన వ్యక్తిని ఎక్కడ భిక్ష అడిగేవాడిగా గుర్తించారు?","మార్కెట్లో","దేవాలయ ప్రాంగణంలో","సుందరమైన ద్వారం దగ్గర","వీధిలో","సుందరమైన ద్వారం దగ్గర"
"ప్రజలందరూ ఎక్కడికి పరుగెత్తుకొని వచ్చారు?","పైగది","సొలొమోను మంటపము","యాజకుల గది","పట్టణ ద్వారం","సొలొమోను మంటపము"
"""మా స్వశక్తిచేత ఇతనిని నడిపించాము అనుకుంటున్నారా?"" అని ఎవరు అడిగారు?","యోహాను","పేతురు","యాకోబు","అండ్రేయా","పేతురు"
"ఈ స్వస్థత ఎవరి నామమువలన జరిగిందని పేతురు చెప్పాడు?","మోషే","అబ్రాహాము","యేసు","ఏలీయా","యేసు"
"యూదులు ఎవరిని చంపించారు అని పేతురు చెప్పాడు?","యోహాను బాప్తిస్మమిచ్చువాడు","స్తెఫను","యేసు","యాకోబు","యేసు"
"దేవుడు ఎవరిని మృతులలోనుండి లేపాడు?","లాజరు","యేసు","యోహాను","మత్తీయ","యేసు"
"పేతురు ప్రజలను ఏమి చేయమని పిలిచాడు?","దానం చేయండి","ఉపవాసం ఉండండి","మారుమనస్సు పొందండి","యాత్ర చేయండి","మారుమనస్సు పొందండి"
"మారుమనస్సు పొందితే ఏమి తుడిచివేయబడతాయి?","రోగాలు","పాపాలు","కష్టాలు","అప్పులు","పాపాలు"
"""నావంటి ఒక ప్రవక్తను దేవుడు లేపును"" అని ఎవరు చెప్పారు?","దావీదు","యెషయా","మోషే","యిర్మీయా","మోషే"
"దేవుడు ముందుగా ఎవరితో నిబంధన చేసాడు అని పేతురు చెప్పాడు?","నోవహుతో","అబ్రాహాముతో","దావీదుతో","సొలొమోనుతో","అబ్రాహాముతో"
"అబ్రాహాము సంతానము ద్వారా భూమి వంశములన్నీ ఏమి పొందుతాయి?","జ్ఞానం","శాంతి","ఆశీర్వాదం","సంపద","ఆశీర్వాదం"
"అపోస్తలుల కార్యములు 3వ అధ్యాయంలోని ప్రధాన అద్భుతం ఏమిటి?","పరిశుద్ధాత్మ అవతరణ","కుంటివాని స్వస్థపరచడం","పౌలు మారుమనస్సు","చెరసాల తలుపులు తెరుచుకోవడం","కుంటివాని స్వస్థపరచడం"
"పేతురు, యోహాను ప్రజలతో మాట్లాడుతుండగా వారి దగ్గరకు ఎవరు వచ్చారు?","పరిసయ్యులు","సద్దూకయ్యులు, యాజకులు, దేవాలయపు అధికారి","రోమా సైనికులు","శాస్త్రులు","సద్దూకయ్యులు, యాజకులు, దేవాలయపు అధికారి"
"వారు పేతురు, యోహానుల మీద ఎందుకు కోపపడ్డారు?","దేవాలయంలో బోధించినందుకు","యేసు ద్వారా పునరుత్థానాన్ని ప్రకటించినందుకు","ప్రజలను కూడగట్టినందుకు","అద్భుతాలు చేసినందుకు","యేసు ద్వారా పునరుత్థానాన్ని ప్రకటించినందుకు"
"పేతురు, యోహానులను ఎక్కడ ఉంచారు?","దేవాలయంలో","చెరసాలలో","రాజభవనంలో","పైగదిలో","చెరసాలలో"
"ఆ రోజు వరకు విశ్వసించిన పురుషుల సంఖ్య ఎంతైంది?","3,000","4,000","5,000","6,000","5,000"
"పేతురు ఏ ఆత్మతో నింపబడి మాట్లాడాడు?","జ్ఞానాత్మ","పరిశుద్ధాత్మ","ధైర్యాత్మ","ప్రేమాత్మ","పరిశుద్ధాత్మ"
"కుంటివాడు ఎవరి నామములో స్వస్థత పొందాడని పేతురు చెప్పాడు?","మోషే","దావీదు","యేసు క్రీస్తు","అబ్రాహాము","యేసు క్రీస్తు"
"""ఇతరులవలన రక్షణ లేదు"" అని పేతురు ఎవరి గురించి చెప్పాడు?","మోషే","అబ్రాహాము","యేసు","ఏలీయా","యేసు"
"పేతురు, యోహానులు ఏ విద్య లేని సామాన్యులని నాయకులు గుర్తించారు?","చదువులేని","ధనవంతులు","యాజకులు","సైనికులు","చదువులేని"
"వారు ఎవరితో ఉండినవారని నాయకులు గుర్తించారు?","మోషేతో","గమలియేలుతో","యేసుతో","యోహాను బాప్తిస్మమిచ్చువాడితో","యేసుతో"
"స్వస్థత పొందిన మనిషి వయస్సు ఎంతకు పైగా ఉంది?","20 సంవత్సరాలు","30 సంవత్సరాలు","40 సంవత్సరాలు","50 సంవత్సరాలు","40 సంవత్సరాలు"
"యూదుల సభ పేతురు, యోహానులను ఏమి చేయవద్దని ఆజ్ఞాపించింది?","దేవాలయానికి వెళ్లవద్దు","యేసు నామములో బోధించవద్దు","ప్రార్థించవద్దు","యెరూషలేములో ఉండవద్దు","యేసు నామములో బోధించవద్దు"
"పేతురు, యోహానులు వారికి ఏమని జవాబు చెప్పారు?","మేము మౌనంగా ఉంటాము","మీ మాట వింటాము","దేవుని మాట వినడం మంచిది","యెరూషలేము విడిచి వెళ్తాము","దేవుని మాట వినడం మంచిది"
"విడుదలైన తరువాత పేతురు, యోహానులు ఎవరి దగ్గరకు వెళ్లారు?","తమ సహోదరుల దగ్గరకు","దేవాలయానికి","సమరయకు","గలిలయకు","తమ సహోదరుల దగ్గరకు"
"విశ్వాసులు ప్రార్థనలో దేవుణ్ణి ఏమని సంబోధించారు?","తండ్రి","ప్రభువా","సృష్టికర్త","పరిశుద్ధుడా","ప్రభువా"
"ప్రార్థన చేసిన తరువాత ఏమి కదిలింది?","దేవాలయం","కొండ","వారు కూడిన స్థలం","చెరసాల","వారు కూడిన స్థలం"
"ప్రార్థన తరువాత వారు దేనితో నింపబడ్డారు?","ఆనందంతో","జ్ఞానంతో","పరిశుద్ధాత్మతో","ప్రేమతో","పరిశుద్ధాత్మతో"
"విశ్వాసులు దేవుని వాక్యాన్ని ఎలా ప్రకటించారు?","భయంతో","రహస్యంగా","ధైర్యంగా","మౌనంగా","ధైర్యంగా"
"విశ్వాసుల సమూహానికి ఎన్ని హృదయాలు ఉన్నాయి?","రెండు","మూడు","ఒక హృదయం, ఒక మనస్సు","అనేక","ఒక హృదయం, ఒక మనస్సు"
"అపొస్తలులు ఏ విషయానికి గొప్ప సాక్ష్యమిచ్చారు?","సృష్టికి","ధర్మశాస్త్రానికి","యేసు పునరుత్థానానికి","దేవాలయానికి","యేసు పునరుత్థానానికి"
"యోసేపుకు అపొస్తలులు ఏ పేరు పెట్టారు?","సీలా","బర్నబా","మార్కు","తీతు","బర్నబా"
"""బర్నబా"" అనే పేరుకు అర్థం ఏమిటి?","విశ్వాస కుమారుడు","ధైర్యవంతుడు","ఆదరణ కుమారుడు","జ్ఞానవంతుడు","ఆదరణ కుమారుడు"
"బర్నబా ఏ గోత్రానికి చెందినవాడు?","యూదా","లేవి","బెన్యామీను","ఎఫ్రాయిము","లేవి"
"బర్నబా తన పొలాన్ని అమ్మి వచ్చిన డబ్బును ఎక్కడ ఉంచాడు?","దేవాలయంలో","పేదలకు నేరుగా ఇచ్చాడు","అపొస్తలుల పాదాల దగ్గర ఉంచాడు","సంఘ ఖజానాలో పెట్టాడు","అపొస్తలుల పాదాల దగ్గర ఉంచాడు"
"తన పొలాన్ని అమ్మి కొంత డబ్బు దాచుకున్న వ్యక్తి ఎవరు?","బర్నబా","అననీయా","నికోదేము","గమలియేలు","అననీయా"
"అననీయా భార్య పేరు ఏమిటి?","మరియ","మార్తా","సప్పీరా","లూదియా","సప్పీరా"
"అననీయా ఎవరికి అబద్ధం చెప్పాడు?","మనుష్యులకు మాత్రమే","పేతురుకు మాత్రమే","పరిశుద్ధాత్మకు","యాజకులకు","పరిశుద్ధాత్మకు"
"అననీయా పేతురు మాటలు విన్న వెంటనే ఏమైంది?","పారిపోయాడు","అనారోగ్యపడ్డాడు","పడిపోయి చనిపోయాడు","క్షమాపణ కోరాడు","పడిపోయి చనిపోయాడు"
"అననీయా మరణించిన సంగతి సప్పీరాకు తెలియకుండా ఎంతసేపటి తరువాత వచ్చింది?","1 గంట","2 గంటలు","3 గంటలు","4 గంటలు","3 గంటలు"
"సప్పీరా కూడా ఏమి చేసింది?","నిజం చెప్పింది","తన భర్తతో కలిసి అబద్ధం చెప్పింది","సంఘాన్ని విడిచిపోయింది","పశ్చాత్తాపపడింది","తన భర్తతో కలిసి అబద్ధం చెప్పింది"
"సప్పీరాకు ఏమైంది?","చెరలో పెట్టారు","అనారోగ్యపడింది","పడిపోయి చనిపోయింది","యెరూషలేము విడిచి వెళ్లింది","పడిపోయి చనిపోయింది"
"ఈ సంఘటన విని సంఘమంతటికి ఏమి కలిగింది?","సంతోషం","ఆశ్చర్యం","గొప్ప భయము","కోపం","గొప్ప భయము"
"అపొస్తలులు ప్రజల మధ్య ఎక్కడ కూడియుండేవారు?","పైగదిలో","సొలొమోను మంటపంలో","మార్కెట్లో","రాజభవనంలో","సొలొమోను మంటపంలో"
"అపొస్తలుల చేత అనేక ఏమి జరిగాయి?","యుద్ధాలు","అద్భుతములు, సూచక క్రియలు","నిర్మాణాలు","ప్రయాణాలు","అద్భుతములు, సూచక క్రియలు"
"పేతురు నీడ పడినా స్వస్థత పొందాలని ప్రజలు ఎవరిని తీసుకువచ్చేవారు?","ధనవంతులను","రోగులను","యాజకులను","పిల్లలను","రోగులను"
"ప్రధాన యాజకుడు మరియు అతని అనుచరులు ఏ మతపక్షానికి చెందినవారు?","పరిసయ్యులు","సద్దూకయ్యులు","హెరోదీయులు","సమరయులు","సద్దూకయ్యులు"
"వారు అపొస్తలులను ఎందుకు పట్టుకున్నారు?","దొంగతనం చేసినందుకు","అసూయతో","పన్ను కట్టనందుకు","అల్లర్లు చేసినందుకు","అసూయతో"
"అపొస్తలులను ఎక్కడ ఉంచారు?","దేవాలయంలో","చెరసాలలో","రాజభవనంలో","సమరయలో","చెరసాలలో"
"రాత్రివేళ చెరసాల తలుపులు ఎవరు తెరిచారు?","పేతురు","యోహాను","దేవదూత","సైనికుడు","దేవదూత"
"దేవదూత అపొస్తలులకు ఏమి చేయమని చెప్పాడు?","పారిపోండి","దాక్కోండి","దేవాలయంలో నిలబడి బోధించండి","గలిలయకు వెళ్లండి","దేవాలయంలో నిలబడి బోధించండి"
"అపొస్తలులు ఉదయాన్నే ఎక్కడ బోధించారు?","మార్కెట్లో","దేవాలయంలో","సముద్రతీరంలో","ఇంటింటికి","దేవాలయంలో"
"""మనుష్యులకు కాక దేవునికే విధేయులమై ఉండాలి"" అని ఎవరు చెప్పారు?","గమలియేలు","పేతురు మరియు అపొస్తలులు","యోహాను మాత్రమే","బర్నబా","పేతురు మరియు అపొస్తలులు"
"అపొస్తలులను చంపాలని యోచించినప్పుడు వారిని ఆపినవాడు ఎవరు?","కయప","అన్నా","గమలియేలు","నికోదేము","గమలియేలు"
"గమలియేలు ఏ వర్గానికి చెందినవాడు?","సద్దూకయ్యుడు","పరిసయ్యుడు","సమరయుడు","రోమీయుడు","పరిసయ్యుడు"
"గమలియేలు ఉదాహరణగా చెప్పిన వ్యక్తులలో ఒకరు ఎవరు?","బర్నబా","థూదా","మార్కు","సీలా","థూదా"
"అపొస్తలులను కొట్టిన తరువాత వారికి ఏమి ఆజ్ఞాపించారు?","యెరూషలేము విడిచి వెళ్లమని","యేసు నామములో మాట్లాడవద్దని","చెరలో ఉండమని","పన్ను కట్టమని","యేసు నామములో మాట్లాడవద్దని"
"యేసు నామము కొరకు అవమానం పొందుటకు పాత్రులమని ఎంచబడినందుకు అపొస్తలులు ఎలా స్పందించారు?","విచారించారు","భయపడ్డారు","సంతోషించారు","పారిపోయారు","సంతోషించారు"
"అపొస్తలులు బోధించడం ఎక్కడ ఆపలేదు?","దేవాలయంలో మరియు ఇంటింట","గలిలయలో","సమరయలో","రోమాలో","దేవాలయంలో మరియు ఇంటింట"
"అపోస్తలుల కార్యములు 5వ అధ్యాయం యొక్క ప్రధాన బోధ ఏమిటి?","ధనవంతులు కావడం","పరిశుద్ధత, నిజాయితీ, దేవునికి విధేయత","రాజకీయం","యుద్ధం","పరిశుద్ధత, నిజాయితీ, దేవునికి విధేయత"
"శిష్యుల సంఖ్య పెరుగుతున్న సమయంలో ఎవరి మధ్య ఫిర్యాదు కలిగింది?","యూదులు మరియు రోమీయులు","హెబ్రీయులు మరియు హెల్లెనీయులు","పరిసయ్యులు మరియు సద్దూకయ్యులు","యాజకులు మరియు లేవీయులు","హెబ్రీయులు మరియు హెల్లెనీయులు"
"హెల్లెనీయులు ఎందుకు ఫిర్యాదు చేశారు?","వారికి బోధ చేయలేదు","వారి విధవరాండ్రు దినసరి పరిచర్యలో నిర్లక్ష్యం చేయబడ్డారు","వారికి డబ్బు ఇవ్వలేదు","వారికి దేవాలయంలో ప్రవేశం లేదు","వారి విధవరాండ్రు దినసరి పరిచర్యలో నిర్లక్ష్యం చేయబడ్డారు"
"పన్నెండు మంది అపొస్తలులు శిష్యులను కూడదీసి ఏమన్నారు?","మేము బోధించడం ఆపుతాము","మేము ప్రార్థన చేయము","దేవుని వాక్యాన్ని విడిచి భోజనాల పని చేయడం తగదు","అందరూ ఇంటికి వెళ్లండి","దేవుని వాక్యాన్ని విడిచి భోజనాల పని చేయడం తగదు"
"అపొస్తలులు ఎన్నుకోమన్న వారి సంఖ్య ఎంత?","5 మంది","7 మంది","10 మంది","12 మంది","7 మంది"
"ఆ ఏడుగురు ఎలాంటి పేరుగలవారై ఉండాలని చెప్పారు?","ధనవంతులు","యాజకులు","మంచి సాక్ష్యముగలవారు, పరిశుద్ధాత్మతో మరియు జ్ఞానంతో నిండినవారు","వృద్ధులు","మంచి సాక్ష్యముగలవారు, పరిశుద్ధాత్మతో మరియు జ్ఞానంతో నిండినవారు"
"అపొస్తలులు తమను తాము ఏ రెండు పనులకు అంకితం చేసుకున్నారు?","ఉపవాసం మరియు సేవ","ప్రార్థన మరియు వాక్య పరిచర్య","దానం మరియు సేవ","యాత్ర మరియు బోధ","ప్రార్థన మరియు వాక్య పరిచర్య"
"ఏడుగురిలో మొదటగా పేర్కొనబడినవాడు ఎవరు?","ఫిలిప్పు","నికానోరు","స్తెఫను","తీమోను","స్తెఫను"
"స్తెఫను ఎటువంటి వ్యక్తిగా వర్ణించబడ్డాడు?","ధనవంతుడు","విశ్వాసమును పరిశుద్ధాత్మను నిండినవాడు","యాజకుడు","రాజు","విశ్వాసమును పరిశుద్ధాత్మను నిండినవాడు"
"అంతియొకయకు చెందిన మతాంతరుడు ఎవరు?","ఫిలిప్పు","నికానోరు","నికొలావు","పర్మెనా","నికొలావు"
"ఏడుగురిని అపొస్తలుల ముందు నిలబెట్టిన తరువాత ఏమి చేశారు?","అభినందించారు","వారికి ధనం ఇచ్చారు","ప్రార్థించి చేతులు ఉంచారు","వారిని పంపించారు","ప్రార్థించి చేతులు ఉంచారు"
"ఫలితంగా దేవుని వాక్యం ఎలా వ్యాపించింది?","తగ్గింది","ఆగిపోయింది","విస్తరించింది","దాచబడింది","విస్తరించింది"
"యెరూషలేములో శిష్యుల సంఖ్య ఏమైంది?","తగ్గింది","స్థిరంగా ఉంది","బహుగా పెరిగింది","సగానికి తగ్గింది","బహుగా పెరిగింది"
"యాజకులలో అనేకులు దేనికి విధేయులయ్యారు?","ధర్మశాస్త్రానికి","విశ్వాసానికి","రోమా ప్రభుత్వానికి","సద్దూకయ్యులకు","విశ్వాసానికి"
"స్తెఫను దేనితో నిండియుండెను?","ధనంతో","అధికారంతో","కృపతో మరియు శక్తితో","విద్యతో","కృపతో మరియు శక్తితో"
"స్తెఫను ప్రజలలో ఏమి చేసేవాడు?","వ్యాపారం","సూచక క్రియలు, మహత్కార్యాలు","వ్యవసాయం","రాజకీయ ప్రసంగాలు","సూచక క్రియలు, మహత్కార్యాలు"
"స్తెఫనుతో వాదించినవారు ఏ సమాజ మందిరానికి చెందినవారు?","గలిలయ సమాజ మందిరం","విముక్తుల సమాజ మందిరం","యెరూషలేము సమాజ మందిరం","నజరేతు సమాజ మందిరం","విముక్తుల సమాజ మందిరం"
"వారు స్తెఫనును ఎందుకు ఎదుర్కోలేకపోయారు?","అతను బలవంతుడు కాబట్టి","అతనికి ధనం ఎక్కువ కాబట్టి","అతడు మాట్లాడిన జ్ఞానమును, ఆత్మను ఎదిరించలేకపోయారు","అతను యాజకుడు కాబట్టి","అతడు మాట్లాడిన జ్ఞానమును, ఆత్మను ఎదిరించలేకపోయారు"
"స్తెఫనుపై వారు ఏ తప్పుడు ఆరోపణ చేశారు?","దొంగతనం చేశాడని","మోషేకు మరియు దేవునికి విరోధంగా మాట్లాడాడని","పన్ను కట్టలేదని","తిరుగుబాటు చేశాడని","మోషేకు మరియు దేవునికి విరోధంగా మాట్లాడాడని"
"స్తెఫనును ఎక్కడికి తీసుకువెళ్లారు?","చెరసాలకు","సముద్రతీరానికి","మహాసభకు","రోమాకు","మహాసభకు"
"మహాసభలో కూర్చున్నవారు స్తెఫను ముఖాన్ని ఎలా చూశారు?","రాజు ముఖంలా","సింహం ముఖంలా","దేవదూత ముఖంలా","ప్రవక్త ముఖంలా","దేవదూత ముఖంలా"
"""ఈ సంగతులు నిజమేనా?"" అని స్తెఫనును ఎవరు అడిగారు?","పేతురు","గమలియేలు","ప్రధాన యాజకుడు","పౌలు","ప్రధాన యాజకుడు"
"దేవుడు అబ్రాహాముకు ఎక్కడ ప్రత్యక్షమయ్యాడు?","కనాను దేశంలో","ఐగుప్తులో","మెసొపొతామియాలో","యెరూషలేములో","మెసొపొతామియాలో"
"అబ్రాహాము ఏ కుమారునికి సున్నతి నిబంధన ఇచ్చాడు?","ఇష్మాయేలు","ఇస్సాకు","యాకోబు","యోసేపు","ఇస్సాకు"
"యోసేపును అతని సహోదరులు ఎక్కడికి అమ్మివేశారు?","బాబులోనుకు","సిరియాకు","ఐగుప్తుకు","రోమాకు","ఐగుప్తుకు"
"ఐగుప్తులో యోసేపుకు అనుగ్రహం చూపిన రాజు ఎవరు?","నెబుకద్నెజరు","ఫరో","కయసరు","హెరోదు","ఫరో"
"కనాను మరియు ఐగుప్తులో వచ్చినది ఏమిటి?","యుద్ధం","కరువు","వ్యాధి","వరద","కరువు"
"యాకోబు తన కుమారులను ధాన్యం కొనడానికి ఎక్కడికి పంపించాడు?","యెరూషలేముకు","సిరియాకు","ఐగుప్తుకు","రోమాకు","ఐగుప్తుకు"
"మోషే ఎక్కడ జన్మించాడు?","కనాను","మిద్యాను","ఐగుప్తు","బేత్లెహేము","ఐగుప్తు"
"మోషే ఎన్ని నెలలు తన తండ్రి ఇంటిలో పెంచబడ్డాడు?","2 నెలలు","3 నెలలు","6 నెలలు","12 నెలలు","3 నెలలు"
"మోషే ఎన్ని సంవత్సరాల వయస్సులో తన సహోదరులను చూడడానికి వెళ్లాడు?","20","30","40","50","40"
"మోషే ఐగుప్తీయుడిని చంపిన తరువాత ఎక్కడికి పారిపోయాడు?","కనాను","మిద్యాను","రోమా","దమస్కు","మిద్యాను"
"మండుచున్న పొదలో దేవుడు మోషేకు ఎక్కడ ప్రత్యక్షమయ్యాడు?","సీనాయి కొండ దగ్గర","జయోను కొండపై","ఒలీవ కొండపై","కర్మెలు కొండపై","సీనాయి కొండ దగ్గర"
"మోషే ఎన్ని సంవత్సరాలు మిద్యానులో ఉన్నాడు?","20","30","40","50","40"
"""నావంటి ఒక ప్రవక్తను దేవుడు లేపును"" అని ఎవరు చెప్పారు?","అబ్రాహాము","దావీదు","మోషే","యెషయా","మోషే"
"ఇశ్రాయేలీయులు అరణ్యంలో ఏ విగ్రహాన్ని చేసుకున్నారు?","సింహం","దూడ","పాము","గరుడపక్షి","దూడ"
"గుడారమును అరణ్యంలో ఎవరు కలిగియున్నారు?","ఫిలిస్తీయులు","ఇశ్రాయేలీయులు","ఐగుప్తీయులు","రోమీయులు","ఇశ్రాయేలీయులు"
"దేవునికి మందిరాన్ని నిర్మించిన రాజు ఎవరు?","దావీదు","సౌలు","సొలొమోను","హిజ్కియా","సొలొమోను"
"""సర్వోన్నతుడు చేతులతో చేసిన మందిరాలలో నివసించడు"" అని స్తెఫను చెప్పినప్పుడు ఏ ప్రవక్తను ఉటంకించాడు?","యిర్మీయా","యోవేలు","యెషయా","హోషేయ","యెషయా"
"స్తెఫను యూదులను ఎలా సంబోధించాడు?","విశ్వాసులు","పరిశుద్ధులు","మెడలు గట్టిపరచినవారు","నీతిమంతులు","మెడలు గట్టిపరచినవారు"
"యూదులు ఎల్లప్పుడూ ఎవరిని ఎదిరిస్తున్నారని స్తెఫను చెప్పాడు?","మోషేను","పరిశుద్ధాత్మను","రాజులను","ప్రవక్తలను","పరిశుద్ధాత్మను"
"స్తెఫను ఆకాశం వైపు చూసినప్పుడు ఏమి చూశాడు?","దేవదూతలు","కొత్త యెరూషలేము","దేవుని మహిమ","అగ్ని","దేవుని మహిమ"
"స్తెఫను దేవుని కుడిపార్శ్వమున ఎవరు నిలిచి ఉన్నట్లు చూశాడు?","అబ్రాహాము","మోషే","యేసు","దావీదు","యేసు"
"స్తెఫనును ఎక్కడికి తీసుకువెళ్లి రాళ్లతో కొట్టారు?","దేవాలయంలో","పట్టణం వెలుపల","సముద్ర తీరంలో","అరణ్యంలో","పట్టణం వెలుపల"
"సాక్షులు తమ వస్త్రాలను ఎవరి పాదాల దగ్గర ఉంచారు?","పేతురు","యోహాను","సౌలు","బర్నబా","సౌలు"
"స్తెఫను చనిపోవడానికి ముందు ఏమని ప్రార్థించాడు?","""ప్రభువా, నన్ను రక్షించు""","""ప్రభువా, నా ఆత్మను చేర్చుకొనుము""","""ప్రభువా, వీరిని శిక్షించు""","""ప్రభువా, నన్ను విడిపించు""","""ప్రభువా, నా ఆత్మను చేర్చుకొనుము"""
"తనను రాళ్లతో కొడుతున్నవారి కోసం స్తెఫను ఏమని ప్రార్థించాడు?","వారిని శిక్షించు","వారిని చెరలో వేయి","ఈ పాపము వారిపై మోపవద్దు","వారిని దేశం నుండి పంపివేయి","ఈ పాపము వారిపై మోపవద్దు"
"స్తెఫను మరణించినప్పుడు దానికి సమ్మతించినవాడు ఎవరు?","పేతురు","యోహాను","సౌలు","ఫిలిప్పు","సౌలు"
"స్తెఫను మరణించిన తరువాత యెరూషలేము సంఘంపై ఏమి వచ్చింది?","ఆనందం","కరువు","హింస","యుద్ధం","హింస"
"అపొస్తలులు తప్ప మిగిలిన విశ్వాసులు ఎక్కడికి చెదరిపోయారు?","రోమా","యూదయ, సమరయ ప్రాంతాలు","ఐగుప్తు","గలిలయ మాత్రమే","యూదయ, సమరయ ప్రాంతాలు"
"స్తెఫనును ఎవరు సమాధి చేశారు?","అపొస్తలులు","భక్తిగల మనుష్యులు","యాజకులు","రోమా సైనికులు","భక్తిగల మనుష్యులు"
"సౌలు సంఘాన్ని ఎలా హింసించాడు?","పన్నులు వేసాడు","ఇంటింటికి వెళ్లి పురుషులను, స్త్రీలను చెరలో వేయించాడు","దేశం నుండి పంపించాడు","బోధించకుండా ఆపాడు","ఇంటింటికి వెళ్లి పురుషులను, స్త్రీలను చెరలో వేయించాడు"
"సమరయ పట్టణంలో సువార్త ప్రకటించినవాడు ఎవరు?","పేతురు","యోహాను","ఫిలిప్పు","బర్నబా","ఫిలిప్పు"
"ఫిలిప్పు సమరయలో ఎవరిని ప్రకటించాడు?","మోషేను","క్రీస్తును","అబ్రాహామును","ఏలీయాను","క్రీస్తును"
"ఫిలిప్పు చేసిన అద్భుతాలు చూసి ప్రజలు ఎలా అయ్యారు?","కోపపడ్డారు","భయపడ్డారు","ఏకమనస్సుతో ఆలకించారు","వెళ్లిపోయారు","ఏకమనస్సుతో ఆలకించారు"
"అపవిత్ర ఆత్మలు పట్టిన అనేక మందికి ఏమైంది?","వారు చనిపోయారు","అవి బయటకు వెళ్లిపోయాయి","వారు చెరలో పడ్డారు","వారు పారిపోయారు","అవి బయటకు వెళ్లిపోయాయి"
"ఆ పట్టణంలో ఏమి కలిగింది?","గొప్ప కరువు","గొప్ప భయం","గొప్ప సంతోషం","గొప్ప యుద్ధం","గొప్ప సంతోషం"
"మాయలు చేసి ప్రజలను ఆశ్చర్యపరిచిన వ్యక్తి ఎవరు?","బర్నబా","సీమోను","అననీయా","నికొలావు","సీమోను"
"ప్రజలు సీమోనును ఏమని పిలిచేవారు?","గొప్ప ప్రవక్త","దేవుని గొప్ప శక్తి","రాజు","యాజకుడు","దేవుని గొప్ప శక్తి"
"ఫిలిప్పు బోధ విని అనేకులు ఏమి పొందారు?","ధనం","బాప్తిస్మం","అధికారము","రాజ్యం","బాప్తిస్మం"
"సమరయ ప్రజలు దేవుని వాక్యాన్ని అంగీకరించారని విని అపొస్తలులు ఎవరిని పంపారు?","బర్నబా, మార్కు","పేతురు, యోహాను","పౌలు, సీలా","యాకోబు, అండ్రేయా","పేతురు, యోహాను"
"సమరయ విశ్వాసులు ఇంకా దేనిని పొందలేదు?","బాప్తిస్మం","ధనం","పరిశుద్ధాత్మ","జ్ఞానం","పరిశుద్ధాత్మ"
"పేతురు, యోహాను చేతులు ఉంచినప్పుడు వారు ఏమి పొందారు?","ఆరోగ్యం","పరిశుద్ధాత్మ","ధనం","అధికారము","పరిశుద్ధాత్మ"
"పరిశుద్ధాత్మ వరాన్ని డబ్బుతో కొనాలని ప్రయత్నించినవాడు ఎవరు?","ఫిలిప్పు","సీమోను","పేతురు","యోహాను","సీమోను"
"సీమోనుతో పేతురు ఏమన్నాడు?","నీవు మంచివాడివి","నీ వెండి నీతో కూడ నశించుగాక","నీవు అపొస్తలుడవు","నీవు పరిశుద్ధుడవు","నీ వెండి నీతో కూడ నశించుగాక"
"ప్రభువు దూత ఫిలిప్పును ఏ మార్గానికి వెళ్లమన్నాడు?","రోమా మార్గం","యెరికో మార్గం","యెరూషలేము నుండి గాజాకు వెళ్లే మార్గం","దమస్కు మార్గం","యెరూషలేము నుండి గాజాకు వెళ్లే మార్గం"
"ఫిలిప్పు కలిసిన ఇథియోపియా అధికారి ఎవరి సేవకుడు?","క్లియోపాత్రా","కందాకే రాణి","బెర్నీకే","ద్రుసిల్లా","కందాకే రాణి"
"ఇథియోపియా అధికారి ఏ గ్రంథం చదువుతున్నాడు?","ఆదికాండము","కీర్తనలు","యెషయా గ్రంథం","నిర్గమకాండము","యెషయా గ్రంథం"
"ఫిలిప్పు అతనికి ఎవరిని గురించి ప్రకటించాడు?","మోషే","దావీదు","యేసు","అబ్రాహాము","యేసు"
"""ఇదిగో నీరు, నేను బాప్తిస్మం పొందుటకు ఆటంకం ఏమి?"" అని ఎవరు అడిగారు?""","సీమోను","ఇథియోపియా అధికారి","పేతురు","యోహాను","ఇథియోపియా అధికారి"
"బాప్తిస్మం తర్వాత ప్రభువు ఆత్మ ఫిలిప్పును ఎక్కడికి తీసుకెడింది?","సమరయకు","రోమాకు","అజోతుకు","దమస్కుకు","అజోతుకు"
"ఫిలిప్పు చివరకు ఏ పట్టణానికి చేరుకున్నాడు?","కైసరియా","యెరూషలేము","యొప్పే","అంతియొకయ","కైసరియా"
"శిష్యులను హింసించేందుకు సౌలు ఎక్కడికి వెళ్లాలని అనుకున్నాడు?","రోమా","కైసరియా","దమస్కు","అంతియొకయ","దమస్కు"
"సౌలు ప్రధాన యాజకుని నుండి ఏమి తీసుకున్నాడు?","ధనం","ఉత్తరాలు","ఆయుధాలు","గుర్రాలు","ఉత్తరాలు"
"దమస్కుకు వెళ్తుండగా సౌలు చుట్టూ ఏమి ప్రకాశించింది?","అగ్ని","మెరుపు","ఆకాశమునుండి వెలుగు","నక్షత్రం","ఆకాశమునుండి వెలుగు"
"""సౌలా, సౌలా, నన్నెందుకు హింసించుచున్నావు?"" అని ఎవరు అన్నారు?""","పేతురు","అననీయా","యేసు","గమలియేలు","యేసు"
"సౌలు నేలపై పడిపోయిన తర్వాత ఏమి అడిగాడు?","నేను ఎక్కడ ఉన్నాను?","ప్రభువా, నీవెవరు?","నేను ఏమి చేయాలి?","నన్ను రక్షించు","ప్రభువా, నీవెవరు?"
"యేసు సౌలుతో ఏ పట్టణానికి వెళ్లమని చెప్పాడు?","యెరూషలేము","కైసరియా","దమస్కు","యొప్పే","దమస్కు"
"సౌలు ఎన్ని రోజులు చూపులేకుండా ఉన్నాడు?","1 రోజు","2 రోజులు","3 రోజులు","7 రోజులు","3 రోజులు"
"దమస్కులో ఉన్న శిష్యుని పేరు ఏమిటి?","బర్నబా","అననీయా","ఫిలిప్పు","సీలా","అననీయా"
"దేవుడు అననీయాకు ఎక్కడికి వెళ్లమని చెప్పాడు?","సూటి వీధికి","రాజవీధికి","దేవాలయానికి","సమరయకు","సూటి వీధికి"
"సౌలు ఏ పట్టణానికి చెందినవాడని చెప్పబడింది?","యెరూషలేము","తార్సు","రోమా","యొప్పే","తార్సు"
"అననీయా సౌలుపై చేతులు ఉంచినప్పుడు ఏమైంది?","అతడు మాట్లాడలేకపోయాడు","అతనికి బలం వచ్చింది","అతనికి చూపు వచ్చింది మరియు పరిశుద్ధాత్మతో నింపబడ్డాడు","అతడు నిద్రపోయాడు","అతనికి చూపు వచ్చింది మరియు పరిశుద్ధాత్మతో నింపబడ్డాడు"
"సౌలు వెంటనే ఏమి పొందాడు?","ధనం","బాప్తిస్మం","అధికారము","గౌరవం","బాప్తిస్మం"
"సౌలు సమాజ మందిరాలలో ఏమి ప్రకటించాడు?","మోషేను","దావీదును","యేసు దేవుని కుమారుడు అని","ఎలీయాను","యేసు దేవుని కుమారుడు అని"
"సౌలు బోధ విని ప్రజలు ఎలా అయ్యారు?","కోపపడ్డారు","ఆశ్చర్యపోయారు","పారిపోయారు","నవ్వారు","ఆశ్చర్యపోయారు"
"యూదులు సౌలును ఏమి చేయాలని కుట్ర పన్నారు?","చెరలో వేయాలని","దేశం నుండి పంపాలని","చంపాలని","కొట్టాలని","చంపాలని"
"శిష్యులు సౌలును ఎలా తప్పించారు?","గుర్రంపై పంపించారు","రాత్రి గంపలో గోడమీద నుంచి దించారు","ఓడలో పంపించారు","అడవిలో దాచారు","రాత్రి గంపలో గోడమీద నుంచి దించారు"
"సౌలును అపొస్తలుల దగ్గరకు తీసుకువెళ్లినవాడు ఎవరు?","పేతురు","యోహాను","బర్నబా","ఫిలిప్పు","బర్నబా"
"సౌలు యెరూషలేములో ఎవరితో ధైర్యంగా మాట్లాడాడు?","సమరయులతో","గ్రీకు భాష మాట్లాడే యూదులతో","రోమీయులతో","ఐగుప్తీయులతో","గ్రీకు భాష మాట్లాడే యూదులతో"
"వారు సౌలును చంపాలని ప్రయత్నించగా సహోదరులు అతనిని ఎక్కడికి పంపారు?","రోమాకు","తార్సుకు","యొప్పేకు","సమరయకు","తార్సుకు"
"సంఘము యూదయ, గలిలయ, సమరయ ప్రాంతములందు ఏమి పొందింది?","హింస","యుద్ధం","సమాధానం","కరువు","సమాధానం"
"ఎనిమిది సంవత్సరాలుగా పక్షవాతంతో బాధపడిన వ్యక్తి పేరు ఏమిటి?","కొర్నేలి","ఐనేయా","తబితా","సీమోను","ఐనేయా"
"ఐనేయాను ఎవరు స్వస్థపరిచారు?","యోహాను","ఫిలిప్పు","పేతురు","సౌలు","పేతురు"
"""నీ పరుపు నీవే సర్దుకొనుము"" అని పేతురు ఎవరితో చెప్పాడు?""","తబితా","ఐనేయా","కొర్నేలి","సౌలు","ఐనేయా"
"యొప్పేలో మరణించిన శిష్యురాలి పేరు ఏమిటి?","మరియ","లూదియా","తబితా (దొర్కా)","సప్పీరా","తబితా (దొర్కా)"
"తబితా ఏ పనులకు ప్రసిద్ధురాలు?","బోధనకు","దానధర్మాలకు, సత్క్రియలకు","వ్యాపారానికి","సంగీతానికి","దానధర్మాలకు, సత్క్రియలకు"
"తబితాను ఎవరు బ్రతికించారు?","సౌలు","ఫిలిప్పు","పేతురు","బర్నబా","పేతురు"
"""తబితా, లెమ్ము"" అని ఎవరు చెప్పారు?""","యేసు","పేతురు","యోహాను","సౌలు","పేతురు"
"తబితా బ్రతికిన వార్త విని యొప్పేలో చాలామంది ఏమి చేశారు?","ఆశ్చర్యపోయారు","ప్రభువును విశ్వసించారు","పట్టణం విడిచారు","పేతురును అరెస్టు చేశారు","ప్రభువును విశ్వసించారు"
"పేతురు యొప్పేలో ఎవరి ఇంటిలో అనేక రోజులు ఉన్నాడు?","కొర్నేలి","బర్నబా","సీమోను చర్మకారుడు","ఫిలిప్పు","సీమోను చర్మకారుడు"
"కొర్నేలి ఏ పట్టణంలో నివసించేవాడు?","యొప్పే","కైసరియా","యెరూషలేము","దమస్కు","కైసరియా"
"కొర్నేలి ఏ దళానికి చెందిన శతాధిపతి?","యూదా దళం","రోమా దళం","ఇటలీ దళం","గ్రీకు దళం","ఇటలీ దళం"
"కొర్నేలి ఎలాంటి వ్యక్తి?","విగ్రహారాధకుడు","భక్తిగలవాడు, దేవునికి భయపడువాడు","యాజకుడు","పరిసయ్యుడు","భక్తిగలవాడు, దేవునికి భయపడువాడు"
"కొర్నేలి దర్శనాన్ని ఏ సమయంలో చూశాడు?","ఉదయం 6 గంటలకు","మధ్యాహ్నం 12 గంటలకు","సాయంత్రం 3 గంటలకు","రాత్రి 9 గంటలకు","సాయంత్రం 3 గంటలకు"
"కొర్నేలికి దర్శనంలో ఎవరు కనిపించారు?","పేతురు","దేవదూత","పౌలు","యోహాను","దేవదూత"
"దేవదూత కొర్నేలితో ఏమన్నాడు?","నీ ఉపవాసాలు దేవుని సన్నిధికి చేరాయి","నీ ప్రార్థనలు, దానధర్మాలు జ్ఞాపకార్థముగా దేవుని సన్నిధికి చేరాయి","నీవు యెరూషలేముకు వెళ్ళు","నీవు యాజకుడవు","నీ ప్రార్థనలు, దానధర్మాలు జ్ఞాపకార్థముగా దేవుని సన్నిధికి చేరాయి"
"కొర్నేలి ఎవరిని పిలిపించమని ఆజ్ఞ పొందాడు?","పౌలు","ఫిలిప్పు","పేతురు","బర్నబా","పేతురు"
"పేతురు ఎక్కడ ఉన్నాడు?","కైసరియాలో","యొప్పేలో","దమస్కులో","లుద్దలో","యొప్పేలో"
"పేతురు ఎవరి ఇంటిలో ఉంటున్నాడు?","కొర్నేలి","ఫిలిప్పు","సీమోను చర్మకారుడు","బర్నబా","సీమోను చర్మకారుడు"
"ప్రార్థన చేయడానికి పేతురు ఇంటి పైకప్పుపైకి ఏ సమయంలో వెళ్లాడు?","మూడవ గంట","ఆరవ గంట","తొమ్మిదవ గంట","పన్నెండవ గంట","ఆరవ గంట"
"పేతురుకు దర్శనంలో ఏమి కనిపించింది?","అగ్ని రథం","గొప్ప వస్త్రం","దేవాలయం","దేవదూతల సమూహం","గొప్ప వస్త్రం"
"ఆ వస్త్రంలో ఏమి ఉన్నాయి?","బంగారం, వెండి","పుస్తకాలు","భూమిపై ఉన్న జంతువులు, పక్షులు","ఆయుధాలు","భూమిపై ఉన్న జంతువులు, పక్షులు"
"""లేచి చంపి తినుము"" అని పేతురుతో ఎవరు చెప్పారు?","దేవదూత","యోహాను","ప్రభువు స్వరం","కొర్నేలి","ప్రభువు స్వరం"
"పేతురు ఎందుకు నిరాకరించాడు?","అతనికి ఆకలి లేదు","అపవిత్రమైనది తినలేదు","భయపడ్డాడు","ఉపవాసంలో ఉన్నాడు","అపవిత్రమైనది తినలేదు"
"""దేవుడు పవిత్రపరచిన దానిని అపవిత్రమని అనకూడదు"" అనే మాట ఎన్ని సార్లు వినిపించింది?","ఒకసారి","రెండుసార్లు","మూడుసార్లు","నాలుగుసార్లు","మూడుసార్లు"
"కొర్నేలి పంపినవారు పేతురు దగ్గరకు వచ్చినప్పుడు పరిశుద్ధాత్మ ఏమన్నాడు?","వారిని పంపించు","వారితో వెళ్ళుము","దాక్కో","యెరూషలేముకు వెళ్ళు","వారితో వెళ్ళుము"
"పేతురు కొర్నేలి ఇంటికి చేరినప్పుడు కొర్నేలి ఏమి చేశాడు?","భోజనం పెట్టాడు","పేతురు పాదాల వద్ద పడి నమస్కరించాడు","ప్రశ్నలు అడిగాడు","ఇంటి బయట నిలబెట్టాడు","పేతురు పాదాల వద్ద పడి నమస్కరించాడు"
"పేతురు దానికి ఏమన్నాడు?","నన్ను ఆరాధించు","నేనూ మనుష్యుడనే","నేను ప్రవక్తను","నేను అపొస్తలుడను","నేనూ మనుష్యుడనే"
"దేవుడు పక్షపాతం చూపడని పేతురు ఎక్కడ ప్రకటించాడు?","యెరూషలేములో","కొర్నేలి ఇంటిలో","దేవాలయంలో","లుద్దలో","కొర్నేలి ఇంటిలో"
"""ప్రతి జనములో దేవునికి భయపడి నీతి జరిగించువాడు ఆయనకు ఇష్టుడు"" అని ఎవరు చెప్పారు?","పౌలు","యోహాను","పేతురు","కొర్నేలి","పేతురు"
"పేతురు ప్రధానంగా ఎవరి గురించి ప్రకటించాడు?","మోషే","అబ్రాహాము","యేసుక్రీస్తు","దావీదు","యేసుక్రీస్తు"
"పేతురు మాట్లాడుతుండగా ఏమి జరిగింది?","వర్షం పడింది","పరిశుద్ధాత్మ వారిమీదికి దిగివచ్చాడు","భూకంపం వచ్చింది","అందరూ వెళ్లిపోయారు","పరిశుద్ధాత్మ వారిమీదికి దిగివచ్చాడు"
"పరిశుద్ధాత్మను పొందినవారు ఏ భాషలలో మాట్లాడారు?","హెబ్రీ మాత్రమే","గ్రీకు మాత్రమే","ఇతర భాషలలో","రోమన్ భాషలో","ఇతర భాషలలో"
"పేతురుతో వచ్చిన యూద విశ్వాసులు ఎందుకు ఆశ్చర్యపోయారు?","కొర్నేలి ధనవంతుడు కాబట్టి","అన్యజనులపై కూడా పరిశుద్ధాత్మ కుమ్మరించబడింది కాబట్టి","పెద్ద సమూహం వచ్చింది కాబట్టి","అద్భుతం జరగలేదు కాబట్టి","అన్యజనులపై కూడా పరిశుద్ధాత్మ కుమ్మరించబడింది కాబట్టి"
"చివరగా పేతురు ఏమి చేయమని ఆజ్ఞాపించాడు?","ఉపవాసం ఉండమని","యెరూషలేముకు వెళ్లమని","యేసు నామమున బాప్తిస్మం పొందమని","దానధర్మాలు చేయమని","యేసు నామమున బాప్తిస్మం పొందమని"
"అన్యజనులు కూడా దేవుని వాక్యాన్ని అంగీకరించారని ఎవరు విన్నారు?","రోమీయులు","అపొస్తలులు మరియు యూదయలోని సహోదరులు","సమరయులు","ఫిలిప్పీయులు","అపొస్తలులు మరియు యూదయలోని సహోదరులు"
"పేతురు యెరూషలేముకు వచ్చినప్పుడు ఎవరు అతనితో వాదించారు?","సద్దూకయ్యులు","పరిసయ్యులు","సున్నతి పొందిన విశ్వాసులు","రోమా సైనికులు","సున్నతి పొందిన విశ్వాసులు"
"వారు పేతురును ఏ విషయములో తప్పుపట్టారు?","సమరయకు వెళ్లాడని","అన్యజనుల ఇంటికి వెళ్లి వారితో భోజనం చేశాడని","చెరసాలకు వెళ్లాడని","దేవాలయానికి రాలేదని","అన్యజనుల ఇంటికి వెళ్లి వారితో భోజనం చేశాడని"
"పేతురు ఎక్కడ ప్రార్థిస్తున్నప్పుడు దర్శనం చూశాడు?","కైసరియాలో","యెరూషలేములో","యొప్పేలో","దమస్కులో","యొప్పేలో"
"పేతురుకు దర్శనంలో ఏమి కనబడింది?","దేవాలయం","గొప్ప వస్త్రము","అగ్ని రథం","బంగారు పెట్టె","గొప్ప వస్త్రము"
"ఆ వస్త్రములో ఏమి ఉన్నాయి?","పుస్తకాలు","బంగారం","నాలుగు కాళ్ల జంతువులు, పక్షులు, ప్రాకే జంతువులు","ఆయుధాలు","నాలుగు కాళ్ల జంతువులు, పక్షులు, ప్రాకే జంతువులు"
"""దేవుడు పవిత్రపరచిన దానిని అపవిత్రమని అనకు"" అనే మాట ఎన్ని సార్లు వినిపించింది?","ఒకసారి","రెండుసార్లు","మూడుసార్లు","నాలుగుసార్లు","మూడుసార్లు"
"పేతురుతో పాటు కొర్నేలి ఇంటికి వెళ్లిన సహోదరులు ఎంతమంది?","3 మంది","5 మంది","6 మంది","12 మంది","6 మంది"
"కొర్నేలి తన ఇంటిలో ఏ దర్శనం గురించి చెప్పాడు?","పేతురు దర్శనం","దేవదూత దర్శనం","మోషే దర్శనం","ఎలీయా దర్శనం","దేవదూత దర్శనం"
"పేతురు మాట్లాడుతుండగా ఏమి జరిగింది?","వర్షం పడింది","భూకంపం వచ్చింది","పరిశుద్ధాత్మ వారిమీదికి దిగివచ్చాడు","అందరూ వెళ్లిపోయారు","పరిశుద్ధాత్మ వారిమీదికి దిగివచ్చాడు"
"అన్యజనులు పరిశుద్ధాత్మ పొందినప్పుడు పేతురుకు ఏ సంఘటన గుర్తుకు వచ్చింది?","యేసు జననం","పెంతెకొస్తు దినం","యోహాను చెప్పిన మాట","యేసు అద్భుతం","యోహాను చెప్పిన మాట"
"""యోహాను నీటితో బాప్తిస్మం ఇచ్చెను, మీరు పరిశుద్ధాత్మతో బాప్తిస్మం పొందుదురు"" అని ఎవరు చెప్పారు?","పేతురు","యోహాను","యేసు","పౌలు","యేసు"
"పేతురు వివరణ విన్న తరువాత వారు ఏమి చేశారు?","కోపపడ్డారు","మౌనంగా ఉండి దేవుని మహిమపరిచారు","పేతురును శిక్షించారు","సభను విడిచారు","మౌనంగా ఉండి దేవుని మహిమపరిచారు"
"వారు ఏమని అన్నారు?","పేతురు తప్పు చేశాడు","దేవుడు అన్యజనులకు కూడా జీవమునకు దారితీసే మారుమనస్సు అనుగ్రహించాడు","యూదులకే రక్షణ","మేము నమ్మము","దేవుడు అన్యజనులకు కూడా జీవమునకు దారితీసే మారుమనస్సు అనుగ్రహించాడు"
"స్తెఫను మరణం తరువాత చెదరిపోయినవారు ఎక్కడివరకు వెళ్లారు?","రోమా మాత్రమే","ఫొయినీకె, కుప్రు, అంతియొకయ","ఐగుప్తు మాత్రమే","గలిలయ మాత్రమే","ఫొయినీకె, కుప్రు, అంతియొకయ"
"మొదట వారు ఎవరికి మాత్రమే సువార్త ప్రకటించారు?","అన్యజనులకు","సమరయులకు","యూదులకు","రోమీయులకు","యూదులకు"
"అంతియొకయలో గ్రీకులకు కూడా సువార్త ప్రకటించినవారు ఎక్కడి వారు?","యెరూషలేము","కుప్రు మరియు కురేనె","రోమా","దమస్కు","కుప్రు మరియు కురేనె"
"అంతియొకయలో అనేకులు ఎవరియొద్దకు తిరిగారు?","పేతురు","పౌలు","ప్రభువు","బర్నబా","ప్రభువు"
"అంతియొకయలో జరిగిన సంగతులు విని యెరూషలేము సంఘము ఎవరిని పంపింది?","పేతురు","యోహాను","బర్నబా","ఫిలిప్పు","బర్నబా"
"బర్నబా అంతియొకయకు వచ్చి ఏమి చూశాడు?","దేవుని కృప","దేవాలయం","అద్భుతాలు","రాజభవనం","దేవుని కృప"
"బర్నబా ఎలాంటి వ్యక్తిగా వర్ణించబడ్డాడు?","ధనవంతుడు","మంచి వాడు, పరిశుద్ధాత్మతో విశ్వాసంతో నిండినవాడు","యాజకుడు","రాజు","మంచి వాడు, పరిశుద్ధాత్మతో విశ్వాసంతో నిండినవాడు"
"బర్నబా ఎవరిని వెదకడానికి తార్సుకు వెళ్లాడు?","పేతురు","మార్కు","సౌలు","సీలా","సౌలు"
"బర్నబా సౌలును తీసుకొని ఎక్కడికి వచ్చాడు?","యొప్పే","అంతియొకయ","కైసరియా","లుద్ద","అంతియొకయ"
"బర్నబా మరియు సౌలు అంతియొకయ సంఘములో ఎంతకాలం బోధించారు?","6 నెలలు","1 సంవత్సరం","2 సంవత్సరాలు","3 సంవత్సరాలు","1 సంవత్సరం"
"""క్రైస్తవులు"" అనే పేరు మొదట ఎక్కడ పెట్టబడింది?","యెరూషలేములో","రోమాలో","అంతియొకయలో","కైసరియాలో","అంతియొకయలో"
"యెరూషలేము నుండి అంతియొకయకు వచ్చిన ప్రవక్త పేరు ఏమిటి?","అగబు","సీలా","తీతు","మార్కు","అగబు"
"అగబు ఏ విషయాన్ని ప్రవచించాడు?","యుద్ధం","కరువు","భూకంపం","వరద","కరువు"
"కరువు ఎవరి కాలంలో సంభవించింది?","ఆగుస్తు","నీరో","క్లౌదియు కైసరు","తిబేరియ","క్లౌదియు కైసరు"
"అంతియొకయ శిష్యులు ఏమి నిర్ణయించారు?","యెరూషలేముకు వెళ్లాలని","యూదయలోని సహోదరులకు సహాయం పంపాలని","కొత్త సంఘం ప్రారంభించాలని","ఉపవాసం ఉండాలని","యూదయలోని సహోదరులకు సహాయం పంపాలని"
"ఆ సహాయాన్ని ఎవరితో పంపించారు?","పేతురు, యోహాను","ఫిలిప్పు, సీలా","బర్నబా, సౌలు","మార్కు, తీతు","బర్నబా, సౌలు"
"సంఘములోని కొందరిని హింసించుటకు చేతులు చాచిన రాజు ఎవరు?","అగ్రిప్పా II","హెరోదు అగ్రిప్పా I","ఫేస్తు","ఫెలిక్సు","హెరోదు అగ్రిప్పా I"
"హెరోదు కత్తితో చంపించిన అపొస్తలుడు ఎవరు?","పేతురు","యోహాను","యాకోబు","అండ్రేయా","యాకోబు"
"చంపబడిన యాకోబు ఎవరి సహోదరుడు?","పేతురు","యోహాను","మత్తయి","ఫిలిప్పు","యోహాను"
"యాకోబును చంపడం యూదులకు ఇష్టమైందని చూసి హెరోదు ఎవరిని పట్టించాడు?","పౌలు","బర్నబా","పేతురు","సీలా","పేతురు"
"పేతురును ఏ పండుగ సమయంలో పట్టించారు?","గుడారాల పండుగ","పెంతెకొస్తు పండుగ","పులియని రొట్టెల పండుగ","ప్రాయశ్చిత్త దినం","పులియని రొట్టెల పండుగ"
"పేతురును కాపాడుటకు ఎంతమంది సైనికులను నియమించారు?","4 మంది","8 మంది","12 మంది","16 మంది","16 మంది"
"పేతురు చెరసాలలో ఉండగా సంఘము ఏమి చేసింది?","దాక్కుంది","ఉపవాసం మాత్రమే చేసింది","దేవునికి అతని కొరకు మనఃపూర్వక ప్రార్థన చేసింది","రాజును కలిసింది","దేవునికి అతని కొరకు మనఃపూర్వక ప్రార్థన చేసింది"
"పేతురు చెరసాలలో ఉన్నప్పుడు అతని పక్కన ఎంతమంది సైనికులు ఉన్నారు?","1","2","4","8","2"
"పేతురును విడుదల చేయడానికి ఎవరు వచ్చారు?","పౌలు","యోహాను","ప్రభువు దూత","బర్నబా","ప్రభువు దూత"
"దూత వచ్చినప్పుడు చెరసాలలో ఏమి ప్రకాశించింది?","అగ్ని","మెరుపు","వెలుగు","సూర్యకాంతి","వెలుగు"
"దూత పేతురుతో మొదట ఏమన్నాడు?","నన్ను అనుసరించు","త్వరగా లెమ్ము","భయపడవద్దు","ప్రార్థించు","త్వరగా లెమ్ము"
"పేతురు చేతులకు ఉన్న సంకెళ్లు ఏమయ్యాయి?","విరిగిపోయాయి","అలాగే ఉన్నాయి","చేతుల నుండి ఊడిపోయాయి","సైనికులు తీసేశారు","చేతుల నుండి ఊడిపోయాయి"
"పేతురు మొదట ఏమనుకున్నాడు?","ఇది కల","ఇది దర్శనం","ఇది నిజం కాదు","నేను చనిపోతున్నాను","ఇది దర్శనం"
"వీధిలోకి వచ్చిన తరువాత దూత ఏమయ్యాడు?","పేతురుతోనే ఉన్నాడు","మాయమయ్యాడు","చెరసాలకు వెళ్లాడు","యెరూషలేముకు వెళ్లాడు","మాయమయ్యాడు"
"పేతురు తనకు నిజంగా ఏమి జరిగిందని గ్రహించాడు?","తాను కలగంటున్నానని","ప్రభువు దూతను పంపి తనను విడిపించాడని","సైనికులు వదిలేశారని","హెరోదు క్షమించాడని","ప్రభువు దూతను పంపి తనను విడిపించాడని"
"పేతురు ఎవరి ఇంటికి వెళ్లాడు?","మార్థా","మరియ","లూదియా","తబితా","మరియ"
"ఆ మరియ ఎవరి తల్లి?","పౌలు","యోహాను మార్కు","యాకోబు","ఫిలిప్పు","యోహాను మార్కు"
"పేతురు తలుపు తట్టినప్పుడు తలుపు దగ్గరకు వచ్చిన దాసి పేరు ఏమిటి?","దొర్కా","రోదె","సప్పీరా","మరియ","రోదె"
"రోదె పేతురు స్వరం గుర్తించినప్పుడు ఏమి చేసింది?","వెంటనే తలుపు తెరిచింది","భయపడి పారిపోయింది","ఆనందంతో తలుపు తీయకుండా లోపలికి పరుగెత్తింది","సైనికులను పిలిచింది","ఆనందంతో తలుపు తీయకుండా లోపలికి పరుగెత్తింది"
"రోదె చెప్పినప్పుడు లోపల ఉన్నవారు ఏమన్నారు?","నిజమే","అతడు వచ్చాడు","నీకు పిచ్చి పట్టింది","వెంటనే తలుపు తీయండి","నీకు పిచ్చి పట్టింది"
"పేతురు విడుదలైన విషయం తెలిసిన తర్వాత సైనికులకు ఏమైంది?","బహుమతి ఇచ్చారు","పదోన్నతి ఇచ్చారు","మరణశిక్ష విధించారు","విడుదల చేశారు","మరణశిక్ష విధించారు"
"హెరోదు యూదయ నుండి ఎక్కడికి వెళ్లాడు?","రోమా","కైసరియా","దమస్కు","అంతియొకయ","కైసరియా"
"తూరు, సీదోను ప్రజలు హెరోదు అనుగ్రహం కోరుటకు ఎవరి సహాయం తీసుకున్నారు?","మార్కు","బ్లాస్తు","ఫిలిప్పు","పేతురు","బ్లాస్తు"
"హెరోదు ప్రసంగించినప్పుడు ప్రజలు ఏమన్నారు?","రాజు చిరంజీవి","ఇది దేవుని స్వరం","ఇది మనుష్యుని స్వరం","ఇది దేవుని స్వరం, మనుష్యునిది కాదు","ఇది దేవుని స్వరం, మనుష్యునిది కాదు"
"హెరోదు దేవునికి మహిమ ఇవ్వనందున ఏమి జరిగింది?","అతను చెరలో పడ్డాడు","అతను రాజ్యాన్ని కోల్పోయాడు","ప్రభువు దూత అతనిని కొట్టగా పురుగులు తిని చనిపోయాడు","అతను అనారోగ్యపడ్డాడు","ప్రభువు దూత అతనిని కొట్టగా పురుగులు తిని చనిపోయాడు"
"ఈ సంఘటనల తరువాత దేవుని వాక్యం ఏమైంది?","తగ్గింది","నిలిచిపోయింది","వృద్ధి చెంది విస్తరించింది","దాచబడింది","వృద్ధి చెంది విస్తరించింది"
"బర్నబా, సౌలు తమ సేవను పూర్తి చేసి ఎక్కడి నుండి తిరిగి వచ్చారు?","రోమా","కైసరియా","యెరూషలేము","దమస్కు","యెరూషలేము"
"బర్నబా, సౌలు తమతో ఎవరిని తీసుకొని వచ్చారు?","తీతు","సీలా","మార్కు","తిమోతి","మార్కు"
